sarpid,downstreambarriersarpid,downstreambarrier,totaldownstreammiles,freedownstreammiles,parent_upstream_miles,abs_err
sm108188,NC28105,dam,51.491,51.491,56.053,4.561999999999998
sm108195,NC796,dam,5.519,5.519,6.141,0.6219999999999999
sm1202,NC521,dam,783.397,739.159,811.689,28.291999999999916
sm1343,NC183,dam,4.056,3.925,4.36,0.30400000000000027
sm1344,NC227,dam,40.265,36.933,45.464,5.198999999999998
sm1345,NC521,dam,783.397,739.159,811.689,28.291999999999916
sm1346,NC521,dam,783.397,739.159,811.689,28.291999999999916
sm1347,NC521,dam,783.397,739.159,811.689,28.291999999999916
sm1349,NC552,dam,8.324,4.745,8.639,0.3149999999999995
sm1350,NC521,dam,783.397,739.159,811.689,28.291999999999916
sm1351,NC521,dam,783.397,739.159,811.689,28.291999999999916
sm1353,NC551,dam,95.252,63.369,96.1,0.847999999999999
sm1354,NC521,dam,783.397,739.159,811.689,28.291999999999916
sm1357,NC551,dam,95.252,63.369,96.1,0.847999999999999
sm1358,NC521,dam,783.397,739.159,811.689,28.291999999999916
sm1363,NC1874,dam,130.581,130.189,132.585,2.004000000000019
sm1368,sm1371,small_barrier,2.864,2.864,2.864,0.0
sm1375,NC642,dam,1903.298,1857.126,1933.662,30.364000000000033
sm1376,sm8796215,small_barrier,599.044,599.044,599.044,0.0
sm1378,sm8796215,small_barrier,599.044,599.044,599.044,0.0
sm1379,sm8796215,small_barrier,599.044,599.044,599.044,0.0
sm1380,sm8796215,small_barrier,599.044,599.044,599.044,0.0
sm1381,sm8796215,small_barrier,599.044,599.044,599.044,0.0
sm1382,sm8796215,small_barrier,599.044,599.044,599.044,0.0
sm1383,sm8796215,small_barrier,599.044,599.044,599.044,0.0
sm1384,NC3331,dam,1377.243,1270.053,1984.4141,607.1711
sm1394,NC642,dam,1903.298,1857.126,1933.662,30.364000000000033
sm1400,NC642,dam,1903.298,1857.126,1933.662,30.364000000000033
sm1401,sm1400,small_barrier,1.664,1.664,1.664,0.0
sm1402,NC642,dam,1903.298,1857.126,1933.662,30.364000000000033
sm1403,NC642,dam,1903.298,1857.126,1933.662,30.364000000000033
sm1413,NC642,dam,1903.298,1857.126,1933.662,30.364000000000033
sm1414,NC642,dam,1903.298,1857.126,1933.662,30.364000000000033
sm1415,sm1414,small_barrier,7.935,7.935,7.935,0.0
sm1416,sm1414,small_barrier,7.935,7.935,7.935,0.0
sm1417,sm1414,small_barrier,7.935,7.935,7.935,0.0
sm1418,sm1414,small_barrier,7.935,7.935,7.935,0.0
sm1419,sm1418,small_barrier,0.587,0.587,0.587,0.0
sm1420,NC642,dam,1903.298,1857.126,1933.662,30.364000000000033
sm1421,NC635,dam,37.396,37.219,38.243,0.8470000000000013
sm1422,NC642,dam,1903.298,1857.126,1933.662,30.364000000000033
sm14445,NC3023,dam,1837.689,1712.55,1932.514,94.82499999999982
sm162138,NC3047,dam,3735.196,3734.973,3740.274,5.0779999999999745
sm162139,NC3047,dam,3735.196,3734.973,3740.274,5.0779999999999745
sm162143,NC28105,dam,51.491,51.491,56.053,4.561999999999998
sm162146,NC6354,dam,27.366,27.366,28.62,1.2540000000000013
sm162152,NC6354,dam,27.366,27.366,28.62,1.2540000000000013
sm162154,NC6354,dam,27.366,27.366,28.62,1.2540000000000013
sm162155,NC6354,dam,27.366,27.366,28.62,1.2540000000000013
sm162156,NC6354,dam,27.366,27.366,28.62,1.2540000000000013
sm162175,sm51061,small_barrier,1.95,1.95,1.95,0.0
sm162176,sm51061,small_barrier,1.95,1.95,1.95,0.0
sm162180,sm163677,small_barrier,5.427,5.427,5.427,0.0
sm162191,NC2984,dam,32.911,31.42,33.42,0.5090000000000003
sm162193,sm163677,small_barrier,5.427,5.427,5.427,0.0
sm162195,sm163677,small_barrier,5.427,5.427,5.427,0.0
sm162196,sm163677,small_barrier,5.427,5.427,5.427,0.0
sm162198,sm162176,small_barrier,0.232,0.232,0.232,0.0
sm163677,NC61748,dam,10.169,10.169,28.079,17.91
sm164609,NC6603,dam,1.211,1.211,1.576,0.365
sm164613,NC3026,dam,10.505,7.957,11.307,0.8019999999999996
sm164614,sm14723,small_barrier,5.331,5.331,5.331,0.0
sm164615,sm14723,small_barrier,5.331,5.331,5.331,0.0
sm164640,sm164638,small_barrier,5.465,5.465,5.465,0.0
sm164677,NC28105,dam,51.491,51.491,56.053,4.561999999999998
sm164679,NC28105,dam,51.491,51.491,56.053,4.561999999999998
sm164681,NC28105,dam,51.491,51.491,56.053,4.561999999999998
sm164682,NC28105,dam,51.491,51.491,56.053,4.561999999999998
sm164691,sm164690,small_barrier,0.788,0.788,0.788,0.0
sm164696,sm52735,small_barrier,2.912,2.912,2.912,0.0
sm164704,NC61746,dam,21.428,21.428,26.76,5.332000000000001
sm164705,NC61746,dam,21.428,21.428,26.76,5.332000000000001
sm164707,NC61747,dam,15.547,15.547,17.375,1.8279999999999994
sm164709,NC61747,dam,15.547,15.547,17.375,1.8279999999999994
sm164710,NC61747,dam,15.547,15.547,17.375,1.8279999999999994
sm164711,NC61746,dam,21.428,21.428,26.76,5.332000000000001
sm164719,NC61747,dam,15.547,15.547,17.375,1.8279999999999994
sm164759,NC61747,dam,15.547,15.547,17.375,1.8279999999999994
sm164771,NC61747,dam,15.547,15.547,17.375,1.8279999999999994
sm164772,NC61747,dam,15.547,15.547,17.375,1.8279999999999994
sm164773,NC61747,dam,15.547,15.547,17.375,1.8279999999999994
sm164774,NC61747,dam,15.547,15.547,17.375,1.8279999999999994
sm164775,NC61747,dam,15.547,15.547,17.375,1.8279999999999994
sm164787,NC6550,dam,4.596,4.596,25.6,21.004
sm164789,NC6550,dam,4.596,4.596,25.6,21.004
sm164793,sm164789,small_barrier,15.688,15.688,15.688,0.0
sm164795,NC6550,dam,4.596,4.596,25.6,21.004
sm164796,NC6550,dam,4.596,4.596,25.6,21.004
sm164798,NC6550,dam,4.596,4.596,25.6,21.004
sm164827,sm164789,small_barrier,15.688,15.688,15.688,0.0
sm164829,sm164789,small_barrier,15.688,15.688,15.688,0.0
sm164831,sm164789,small_barrier,15.688,15.688,15.688,0.0
sm164832,sm164789,small_barrier,15.688,15.688,15.688,0.0
sm164834,sm164791,small_barrier,5.419,5.419,5.419,0.0
sm164853,NC3027,dam,17.507,16.072,17.987,0.4799999999999969
sm164929,sm3062,small_barrier,6.177,6.177,6.177,0.0
sm164946,sm164942,small_barrier,0.074,0.074,0.074,0.0
sm165003,NC3252,dam,99.362,99.362,100.492,1.1300000000000097
sm165015,sm54732,small_barrier,0.367,0.367,0.367,0.0
sm165098,NC61734,dam,9.355,9.355,9.673,0.3179999999999996
sm165099,NC61734,dam,9.355,9.355,9.673,0.3179999999999996
sm165100,NC61734,dam,9.355,9.355,9.673,0.3179999999999996
sm165113,NC61734,dam,9.355,9.355,9.673,0.3179999999999996
sm165179,sm165178,small_barrier,0.105,0.105,0.105,0.0
sm165180,sm165179,small_barrier,0.04,0.04,0.04,0.0
sm165183,sm2658,small_barrier,0.132,0.132,0.132,0.0
sm165184,sm108220,small_barrier,1.171,1.171,1.171,0.0
sm165187,sm108220,small_barrier,1.171,1.171,1.171,0.0
sm165199,NC61748,dam,10.169,10.169,28.079,17.91
sm165200,NC61748,dam,10.169,10.169,28.079,17.91
sm165201,NC61748,dam,10.169,10.169,28.079,17.91
sm165203,NC61748,dam,10.169,10.169,28.079,17.91
sm168304,NC28104,dam,12.963,12.963,37.252,24.289
sm176977,NC3047,dam,3735.196,3734.973,3740.274,5.0779999999999745
sm210977,NC1445,dam,0.767,0.412,0.924,0.15700000000000003
sm210983,sm210995,small_barrier,0.473,0.473,0.473,0.0
sm210984,NC2917,dam,1.042,1.025,1.279,0.23699999999999988
sm210986,NC1446,dam,1.76,1.009,2.702,0.942
sm210987,NC1446,dam,1.76,1.009,2.702,0.942
sm210990,NC1096,dam,12.534,10.457,13.107,0.5729999999999986
sm210991,NC4114,dam,0.408,0.306,0.987,0.579
sm210993,NC1097,dam,0.016,0.0,1.128,1.1119999999999999
sm210995,sm210982,small_barrier,0.185,0.185,0.185,0.0
sm210999,NC656,dam,2.474,2.118,4.204,1.7299999999999995
sm211004,NC656,dam,2.474,2.118,4.204,1.7299999999999995
sm211017,NC1096,dam,12.534,10.457,13.107,0.5729999999999986
sm2612,NC3035,dam,149.634,134.674,175.881,26.247000000000014
sm2617,sm2666,small_barrier,0.076,0.076,0.076,0.0
sm2619,NC3023,dam,1837.689,1712.55,1932.514,94.82499999999982
sm2620,NC3024,dam,1011.88,1002.766,1021.908,10.02800000000002
sm2622,NC3024,dam,1011.88,1002.766,1021.908,10.02800000000002
sm2623,NC3024,dam,1011.88,1002.766,1021.908,10.02800000000002
sm2624,NC3024,dam,1011.88,1002.766,1021.908,10.02800000000002
sm2625,NC6601,dam,17.276,17.276,24.405,7.129000000000001
sm2626,NC6601,dam,17.276,17.276,24.405,7.129000000000001
sm2627,NC3024,dam,1011.88,1002.766,1021.908,10.02800000000002
sm2628,NC3038,dam,434.482,402.797,439.187,4.704999999999984
sm2629,sm2619,small_barrier,1.834,1.834,1.834,0.0
sm2630,sm2652,small_barrier,0.267,0.267,0.267,0.0
sm2631,sm2638,small_barrier,0.637,0.637,0.637,0.0
sm2633,sm2638,small_barrier,0.637,0.637,0.637,0.0
sm2634,sm2638,small_barrier,0.637,0.637,0.637,0.0
sm2635,sm2636,small_barrier,0.103,0.103,0.103,0.0
sm2636,sm2623,small_barrier,0.284,0.284,0.284,0.0
sm2637,sm2635,small_barrier,0.115,0.115,0.115,0.0
sm2638,NC3024,dam,1011.88,1002.766,1021.908,10.02800000000002
sm2639,NC3024,dam,1011.88,1002.766,1021.908,10.02800000000002
sm2640,sm2642,small_barrier,0.372,0.372,0.372,0.0
sm2641,sm2639,small_barrier,0.243,0.243,0.243,0.0
sm2642,NC3024,dam,1011.88,1002.766,1021.908,10.02800000000002
sm2643,sm2644,small_barrier,1.371,1.371,1.371,0.0
sm2645,NC3252,dam,99.362,99.362,100.492,1.1300000000000097
sm2648,sm164789,small_barrier,15.688,15.688,15.688,0.0
sm2649,sm2651,small_barrier,0.547,0.547,0.547,0.0
sm2650,sm2649,small_barrier,0.585,0.585,0.585,0.0
sm2651,NC3023,dam,1837.689,1712.55,1932.514,94.82499999999982
sm2652,sm2637,small_barrier,0.084,0.084,0.084,0.0
sm2653,NC3023,dam,1837.689,1712.55,1932.514,94.82499999999982
sm2654,NC3023,dam,1837.689,1712.55,1932.514,94.82499999999982
sm2655,sm2654,small_barrier,1.204,1.204,1.204,0.0
sm2656,sm2655,small_barrier,0.699,0.699,0.699,0.0
sm2658,sm165180,small_barrier,1.174,1.174,1.174,0.0
sm2659,NC6617,dam,0.039,0.039,0.438,0.399
sm2661,sm2662,small_barrier,0.234,0.234,0.234,0.0
sm2662,sm2668,small_barrier,8.367,8.367,8.367,0.0
sm2663,sm2664,small_barrier,0.881,0.881,0.881,0.0
sm2664,sm2668,small_barrier,8.367,8.367,8.367,0.0
sm2665,sm2676,small_barrier,5.412,5.412,5.412,0.0
sm2666,sm2665,small_barrier,0.297,0.297,0.297,0.0
sm2667,sm2676,small_barrier,5.412,5.412,5.412,0.0
sm2668,sm2667,small_barrier,0.154,0.154,0.154,0.0
sm2669,sm2668,small_barrier,8.367,8.367,8.367,0.0
sm2670,sm2669,small_barrier,0.291,0.291,0.291,0.0
sm2671,sm2670,small_barrier,0.807,0.807,0.807,0.0
sm2672,sm2675,small_barrier,0.097,0.097,0.097,0.0
sm2673,sm2672,small_barrier,0.033,0.033,0.033,0.0
sm2674,sm2673,small_barrier,0.017,0.017,0.017,0.0
sm2675,sm2671,small_barrier,6.662,6.662,6.662,0.0
sm2676,sm2689,small_barrier,7.514,7.514,7.514,0.0
sm2678,sm2677,small_barrier,0.29,0.29,0.29,0.0
sm2679,sm2676,small_barrier,5.412,5.412,5.412,0.0
sm2680,sm2676,small_barrier,5.412,5.412,5.412,0.0
sm2681,sm2702,small_barrier,0.67,0.67,0.67,0.0
sm2682,sm2689,small_barrier,7.514,7.514,7.514,0.0
sm2683,sm2704,small_barrier,1.388,1.388,1.388,0.0
sm2684,sm2704,small_barrier,1.388,1.388,1.388,0.0
sm2685,sm2684,small_barrier,0.011,0.011,0.011,0.0
sm2686,sm2685,small_barrier,0.072,0.072,0.072,0.0
sm2687,sm2686,small_barrier,0.083,0.083,0.083,0.0
sm2688,sm2687,small_barrier,0.109,0.109,0.109,0.0
sm2689,sm2681,small_barrier,2.407,2.407,2.407,0.0
sm2690,sm2689,small_barrier,7.514,7.514,7.514,0.0
sm2691,sm2683,small_barrier,0.171,0.171,0.171,0.0
sm2692,sm2694,small_barrier,1.529,1.529,1.529,0.0
sm2694,sm2689,small_barrier,7.514,7.514,7.514,0.0
sm2695,sm2696,small_barrier,0.842,0.842,0.842,0.0
sm2696,sm2681,small_barrier,2.407,2.407,2.407,0.0
sm2697,sm2682,small_barrier,0.829,0.829,0.829,0.0
sm2698,sm2681,small_barrier,2.407,2.407,2.407,0.0
sm2699,sm2706,small_barrier,0.453,0.453,0.453,0.0
sm2700,sm2701,small_barrier,0.763,0.763,0.763,0.0
sm2701,sm2705,small_barrier,2.844,2.844,2.844,0.0
sm2702,sm2704,small_barrier,1.388,1.388,1.388,0.0
sm2703,sm2705,small_barrier,2.844,2.844,2.844,0.0
sm2704,sm2705,small_barrier,2.844,2.844,2.844,0.0
sm2705,sm2699,small_barrier,0.699,0.699,0.699,0.0
sm2706,sm2724,small_barrier,1.06,1.06,1.06,0.0
sm2707,sm2708,small_barrier,0.208,0.208,0.208,0.0
sm2708,sm2705,small_barrier,2.844,2.844,2.844,0.0
sm2709,sm2707,small_barrier,1.93,1.93,1.93,0.0
sm2710,sm2711,small_barrier,0.044,0.044,0.044,0.0
sm2711,sm2730,small_barrier,0.973,0.973,0.973,0.0
sm2712,sm2700,small_barrier,0.321,0.321,0.321,0.0
sm2713,sm2698,small_barrier,0.83,0.83,0.83,0.0
sm2714,sm2713,small_barrier,0.074,0.074,0.074,0.0
sm2715,sm2714,small_barrier,0.079,0.079,0.079,0.0
sm2716,sm2681,small_barrier,2.407,2.407,2.407,0.0
sm2717,sm2728,small_barrier,0.213,0.213,0.213,0.0
sm2718,sm2717,small_barrier,0.06,0.06,0.06,0.0
sm2719,sm2718,small_barrier,0.473,0.473,0.473,0.0
sm2720,sm2725,small_barrier,0.471,0.471,0.471,0.0
sm2722,sm2719,small_barrier,0.932,0.932,0.932,0.0
sm2723,sm2719,small_barrier,0.932,0.932,0.932,0.0
sm2724,sm2723,small_barrier,0.032,0.032,0.032,0.0
sm2725,sm2724,small_barrier,1.06,1.06,1.06,0.0
sm2727,sm2726,small_barrier,0.222,0.222,0.222,0.0
sm2729,sm2728,small_barrier,0.213,0.213,0.213,0.0
sm2730,sm2709,small_barrier,0.042,0.042,0.042,0.0
sm2731,sm2732,small_barrier,0.161,0.161,0.161,0.0
sm2732,sm2710,small_barrier,0.082,0.082,0.082,0.0
sm2734,sm2733,small_barrier,0.564,0.564,0.564,0.0
sm2735,sm2741,small_barrier,0.369,0.369,0.369,0.0
sm2736,sm2735,small_barrier,0.099,0.099,0.099,0.0
sm2737,sm2736,small_barrier,0.209,0.209,0.209,0.0
sm2738,sm2737,small_barrier,0.052,0.052,0.052,0.0
sm2745,NC28104,dam,12.963,12.963,37.252,24.289
sm2746,NC28104,dam,12.963,12.963,37.252,24.289
sm2747,NC3035,dam,149.634,134.674,175.881,26.247000000000014
sm2748,NC3035,dam,149.634,134.674,175.881,26.247000000000014
sm2749,NC3035,dam,149.634,134.674,175.881,26.247000000000014
sm2750,NC3035,dam,149.634,134.674,175.881,26.247000000000014
sm2751,NC3035,dam,149.634,134.674,175.881,26.247000000000014
sm2752,NC3211,dam,3.188,3.027,4.186,0.9979999999999998
sm2753,NC3035,dam,149.634,134.674,175.881,26.247000000000014
sm2754,NC3035,dam,149.634,134.674,175.881,26.247000000000014
sm2761,sm59182,small_barrier,1.198,1.198,1.198,0.0
sm2763,sm59182,small_barrier,1.198,1.198,1.198,0.0
sm2766,NC3047,dam,3735.196,3734.973,3740.274,5.0779999999999745
sm2768,NC3263,dam,41.176,41.144,46.635,5.458999999999996
sm2776,sm2745,small_barrier,0.442,0.442,0.442,0.0
sm2777,NC3047,dam,3735.196,3734.973,3740.274,5.0779999999999745
sm2778,NC3047,dam,3735.196,3734.973,3740.274,5.0779999999999745
sm2780,sm2746,small_barrier,1.819,1.819,1.819,0.0
sm2785,sm168304,small_barrier,4.939,4.939,4.939,0.0
sm2802,NC3035,dam,149.634,134.674,175.881,26.247000000000014
sm2806,NC3035,dam,149.634,134.674,175.881,26.247000000000014
sm2815,sm2747,small_barrier,3.342,3.342,3.342,0.0
sm2816,sm2817,small_barrier,0.304,0.304,0.304,0.0
sm2817,NC3035,dam,149.634,134.674,175.881,26.247000000000014
sm2819,NC3035,dam,149.634,134.674,175.881,26.247000000000014
sm2821,NC3035,dam,149.634,134.674,175.881,26.247000000000014
sm2822,NC3035,dam,149.634,134.674,175.881,26.247000000000014
sm2823,NC3211,dam,3.188,3.027,4.186,0.9979999999999998
sm2825,NC3035,dam,149.634,134.674,175.881,26.247000000000014
sm2827,NC3211,dam,3.188,3.027,4.186,0.9979999999999998
sm2828,NC3035,dam,149.634,134.674,175.881,26.247000000000014
sm2832,NC3035,dam,149.634,134.674,175.881,26.247000000000014
sm2833,NC3035,dam,149.634,134.674,175.881,26.247000000000014
sm2834,NC3035,dam,149.634,134.674,175.881,26.247000000000014
sm2835,NC3035,dam,149.634,134.674,175.881,26.247000000000014
sm2836,NC3035,dam,149.634,134.674,175.881,26.247000000000014
sm2840,NC3035,dam,149.634,134.674,175.881,26.247000000000014
sm2844,NC3035,dam,149.634,134.674,175.881,26.247000000000014
sm2846,NC3035,dam,149.634,134.674,175.881,26.247000000000014
sm2847,sm2848,small_barrier,0.047,0.047,0.047,0.0
sm2848,NC3207,dam,9.666,9.587,31.264,21.598
sm2849,NC3207,dam,9.666,9.587,31.264,21.598
sm2852,NC3035,dam,149.634,134.674,175.881,26.247000000000014
sm2854,sm2846,small_barrier,0.123,0.123,0.123,0.0
sm2855,NC3035,dam,149.634,134.674,175.881,26.247000000000014
sm2856,NC3035,dam,149.634,134.674,175.881,26.247000000000014
sm2857,NC31592,dam,0.041,0.041,2.209,2.168
sm2859,NC3035,dam,149.634,134.674,175.881,26.247000000000014
sm2869,NC3035,dam,149.634,134.674,175.881,26.247000000000014
sm2874,NC3035,dam,149.634,134.674,175.881,26.247000000000014
sm2875,NC3035,dam,149.634,134.674,175.881,26.247000000000014
sm2877,NC3035,dam,149.634,134.674,175.881,26.247000000000014
sm2878,NC3207,dam,9.666,9.587,31.264,21.598
sm2903,sm2904,small_barrier,0.142,0.142,0.142,0.0
sm2926,NC3237,dam,1.243,1.21,1.681,0.43799999999999994
sm2934,NC3047,dam,3735.196,3734.973,3740.274,5.0779999999999745
sm2944,NC3047,dam,3735.196,3734.973,3740.274,5.0779999999999745
sm2945,sm2668,small_barrier,8.367,8.367,8.367,0.0
sm2946,sm3036,small_barrier,0.201,0.201,0.201,0.0
sm2948,sm2612,small_barrier,1.453,1.453,1.453,0.0
sm2949,sm2612,small_barrier,1.453,1.453,1.453,0.0
sm2950,sm2949,small_barrier,5.568,5.568,5.568,0.0
sm2951,sm2950,small_barrier,0.807,0.807,0.807,0.0
sm2952,NC6212,dam,85.613,85.613,92.602,6.989000000000004
sm2953,sm2952,small_barrier,0.03,0.03,0.03,0.0
sm2954,sm3010,small_barrier,4.63,4.63,4.63,0.0
sm2961,NC6212,dam,85.613,85.613,92.602,6.989000000000004
sm2962,NC6212,dam,85.613,85.613,92.602,6.989000000000004
sm2963,sm2962,small_barrier,0.135,0.135,0.135,0.0
sm2964,NC3023,dam,1837.689,1712.55,1932.514,94.82499999999982
sm2965,NC3023,dam,1837.689,1712.55,1932.514,94.82499999999982
sm2966,NC3023,dam,1837.689,1712.55,1932.514,94.82499999999982
sm2967,NC3023,dam,1837.689,1712.55,1932.514,94.82499999999982
sm2968,NC3043,dam,1411.054,1347.914,1419.07,8.015999999999849
sm2969,sm2968,small_barrier,0.081,0.081,0.081,0.0
sm2970,sm2969,small_barrier,4.462,4.462,4.462,0.0
sm2971,sm2970,small_barrier,0.063,0.063,0.063,0.0
sm2972,NC3043,dam,1411.054,1347.914,1419.07,8.015999999999849
sm2974,NC3043,dam,1411.054,1347.914,1419.07,8.015999999999849
sm2975,NC3043,dam,1411.054,1347.914,1419.07,8.015999999999849
sm2976,NC6618,dam,1.534,1.534,2.165,0.631
sm2977,sm2659,small_barrier,0.326,0.326,0.326,0.0
sm2980,NC3047,dam,3735.196,3734.973,3740.274,5.0779999999999745
sm2981,NC3047,dam,3735.196,3734.973,3740.274,5.0779999999999745
sm2982,NC3034,dam,38.902,38.591,48.507,9.604999999999997
sm2983,NC3034,dam,38.902,38.591,48.507,9.604999999999997
sm2984,NC61493,dam,244.72,244.72,246.035,1.3149999999999977
sm2986,NC2974,dam,268.062,263.871,307.647,39.58499999999998
sm2990,NC3034,dam,38.902,38.591,48.507,9.604999999999997
sm2991,sm2982,small_barrier,2.078,2.078,2.078,0.0
sm2992,NC3034,dam,38.902,38.591,48.507,9.604999999999997
sm2993,NC3034,dam,38.902,38.591,48.507,9.604999999999997
sm2994,NC3034,dam,38.902,38.591,48.507,9.604999999999997
sm3000,NC3023,dam,1837.689,1712.55,1932.514,94.82499999999982
sm3001,NC3023,dam,1837.689,1712.55,1932.514,94.82499999999982
sm3002,sm3001,small_barrier,1.609,1.609,1.609,0.0
sm3003,NC3023,dam,1837.689,1712.55,1932.514,94.82499999999982
sm3004,NC3023,dam,1837.689,1712.55,1932.514,94.82499999999982
sm3005,sm3004,small_barrier,2.781,2.781,2.781,0.0
sm3006,NC3023,dam,1837.689,1712.55,1932.514,94.82499999999982
sm3007,NC3023,dam,1837.689,1712.55,1932.514,94.82499999999982
sm3008,NC3023,dam,1837.689,1712.55,1932.514,94.82499999999982
sm3009,NC3023,dam,1837.689,1712.55,1932.514,94.82499999999982
sm3010,NC6212,dam,85.613,85.613,92.602,6.989000000000004
sm3011,NC2974,dam,268.062,263.871,307.647,39.58499999999998
sm3012,NC2974,dam,268.062,263.871,307.647,39.58499999999998
sm3013,sm3012,small_barrier,0.138,0.138,0.138,0.0
sm3014,sm3013,small_barrier,0.053,0.053,0.053,0.0
sm3016,NC2974,dam,268.062,263.871,307.647,39.58499999999998
sm3017,NC2974,dam,268.062,263.871,307.647,39.58499999999998
sm3018,sm3017,small_barrier,0.243,0.243,0.243,0.0
sm3019,NC2974,dam,268.062,263.871,307.647,39.58499999999998
sm3020,sm3030,small_barrier,3.159,3.159,3.159,0.0
sm3021,NC2974,dam,268.062,263.871,307.647,39.58499999999998
sm3022,NC2974,dam,268.062,263.871,307.647,39.58499999999998
sm3023,NC2974,dam,268.062,263.871,307.647,39.58499999999998
sm3024,sm3023,small_barrier,0.873,0.873,0.873,0.0
sm3025,NC2974,dam,268.062,263.871,307.647,39.58499999999998
sm3026,sm3025,small_barrier,0.18,0.18,0.18,0.0
sm3027,sm3000,small_barrier,2.746,2.746,2.746,0.0
sm3028,NC3023,dam,1837.689,1712.55,1932.514,94.82499999999982
sm3029,NC2974,dam,268.062,263.871,307.647,39.58499999999998
sm3030,NC2974,dam,268.062,263.871,307.647,39.58499999999998
sm3031,NC2974,dam,268.062,263.871,307.647,39.58499999999998
sm3032,NC3023,dam,1837.689,1712.55,1932.514,94.82499999999982
sm3036,sm2945,small_barrier,0.097,0.097,0.097,0.0
sm3043,NC28104,dam,12.963,12.963,37.252,24.289
sm3052,NC28104,dam,12.963,12.963,37.252,24.289
sm3057,sm3058,small_barrier,1.058,1.058,1.058,0.0
sm3058,sm2849,small_barrier,8.122,8.122,8.122,0.0
sm3059,sm2849,small_barrier,8.122,8.122,8.122,0.0
sm3060,sm2849,small_barrier,8.122,8.122,8.122,0.0
sm3062,NC61748,dam,10.169,10.169,28.079,17.91
sm3066,sm3036,small_barrier,0.201,0.201,0.201,0.0
sm3067,sm59172,small_barrier,0.014,0.014,0.014,0.0
sm3071,sm3079,small_barrier,0.386,0.386,0.386,0.0
sm3073,sm3074,small_barrier,1.251,1.251,1.251,0.0
sm3074,sm3075,small_barrier,0.524,0.524,0.524,0.0
sm3075,sm3076,small_barrier,1.088,1.088,1.088,0.0
sm3076,NC3046,dam,432.799,432.799,505.049,72.25
sm3077,sm3073,small_barrier,3.8,3.8,3.8,0.0
sm3080,NC3046,dam,432.799,432.799,505.049,72.25
sm3081,NC3046,dam,432.799,432.799,505.049,72.25
sm3082,NC3046,dam,432.799,432.799,505.049,72.25
sm3083,NC3046,dam,432.799,432.799,505.049,72.25
sm3084,NC3046,dam,432.799,432.799,505.049,72.25
sm3085,NC3046,dam,432.799,432.799,505.049,72.25
sm3086,NC3046,dam,432.799,432.799,505.049,72.25
sm3087,NC3046,dam,432.799,432.799,505.049,72.25
sm3088,sm3087,small_barrier,1.574,1.574,1.574,0.0
sm49882,sm49837,small_barrier,4.955,4.955,4.955,0.0
sm50299,sm50294,small_barrier,0.265,0.265,0.265,0.0
sm50810,NC2752,dam,0.756,0.491,5.391,4.635
sm50812,sm50886,small_barrier,9.463,9.463,9.463,0.0
sm50815,sm50886,small_barrier,9.463,9.463,9.463,0.0
sm50971,sm51472,small_barrier,1.044,1.044,1.044,0.0
sm51006,sm51011,small_barrier,0.126,0.126,0.126,0.0
sm51015,sm2960,small_barrier,0.229,0.229,0.229,0.0
sm51019,sm51472,small_barrier,1.044,1.044,1.044,0.0
sm51020,sm51472,small_barrier,1.044,1.044,1.044,0.0
sm51022,sm51020,small_barrier,0.008,0.008,0.008,0.0
sm51061,sm163677,small_barrier,5.427,5.427,5.427,0.0
sm51115,NC6412,dam,4.534,4.534,4.643,0.10899999999999999
sm51119,sm51120,small_barrier,0.064,0.064,0.064,0.0
sm51335,NC28104,dam,12.963,12.963,37.252,24.289
sm51353,NC3027,dam,17.507,16.072,17.987,0.4799999999999969
sm51361,NC3263,dam,41.176,41.144,46.635,5.458999999999996
sm51362,NC3263,dam,41.176,41.144,46.635,5.458999999999996
sm51366,NC3263,dam,41.176,41.144,46.635,5.458999999999996
sm51367,NC28104,dam,12.963,12.963,37.252,24.289
sm51371,NC3263,dam,41.176,41.144,46.635,5.458999999999996
sm51415,NC28104,dam,12.963,12.963,37.252,24.289
sm51416,sm3043,small_barrier,11.413,11.413,11.413,0.0
sm51436,NC6354,dam,27.366,27.366,28.62,1.2540000000000013
sm51445,sm49837,small_barrier,4.955,4.955,4.955,0.0
sm51446,sm51464,small_barrier,0.46,0.46,0.46,0.0
sm52692,NC28105,dam,51.491,51.491,56.053,4.561999999999998
sm52694,NC28105,dam,51.491,51.491,56.053,4.561999999999998
sm52713,sm3043,small_barrier,11.413,11.413,11.413,0.0
sm52716,sm54718,small_barrier,11.657,11.657,11.657,0.0
sm52719,sm54718,small_barrier,11.657,11.657,11.657,0.0
sm52721,sm54718,small_barrier,11.657,11.657,11.657,0.0
sm52726,sm108194,small_barrier,2.991,2.991,2.991,0.0
sm52735,NC28105,dam,51.491,51.491,56.053,4.561999999999998
sm54719,NC3216,dam,256.129,256.129,258.809,2.680000000000007
sm54720,NC279,dam,23.243,21.701,33.795,10.552000000000003
sm54721,NC3099,dam,16.484,16.37,20.674,4.189999999999998
sm54724,NC6212,dam,85.613,85.613,92.602,6.989000000000004
sm54725,NC6604,dam,0.691,0.691,2.464,1.7730000000000001
sm54726,sm54725,small_barrier,0.699,0.699,0.699,0.0
sm54729,NC3039,dam,77.103,62.815,77.405,0.3020000000000067
sm54732,sm2645,small_barrier,0.064,0.064,0.064,0.0
sm54735,NC3046,dam,432.799,432.799,505.049,72.25
sm54739,NC3024,dam,1011.88,1002.766,1021.908,10.02800000000002
sm54742,sm54727,small_barrier,0.098,0.098,0.098,0.0
sm54744,NC3043,dam,1411.054,1347.914,1419.07,8.015999999999849
sm54747,NC3024,dam,1011.88,1002.766,1021.908,10.02800000000002
sm54749,NC6604,dam,0.691,0.691,2.464,1.7730000000000001
sm54751,NC6612,dam,0.118,0.118,1.082,0.9640000000000001
sm58079,sm164638,small_barrier,5.465,5.465,5.465,0.0
sm58496,sm58850,small_barrier,0.842,0.842,0.842,0.0
sm58500,sm58851,small_barrier,0.243,0.243,0.243,0.0
sm58501,sm58850,small_barrier,0.842,0.842,0.842,0.0
sm58846,sm14723,small_barrier,5.331,5.331,5.331,0.0
sm58847,sm14723,small_barrier,5.331,5.331,5.331,0.0
sm58848,sm14723,small_barrier,5.331,5.331,5.331,0.0
sm58849,sm14723,small_barrier,5.331,5.331,5.331,0.0
sm58850,sm14723,small_barrier,5.331,5.331,5.331,0.0
sm58851,sm14723,small_barrier,5.331,5.331,5.331,0.0
sm58852,sm14723,small_barrier,5.331,5.331,5.331,0.0
sm58853,sm14723,small_barrier,5.331,5.331,5.331,0.0
sm58855,sm58853,small_barrier,0.219,0.219,0.219,0.0
sm59176,NC3263,dam,41.176,41.144,46.635,5.458999999999996
sm59183,sm3043,small_barrier,11.413,11.413,11.413,0.0
sm59197,NC3263,dam,41.176,41.144,46.635,5.458999999999996
sm59198,NC3263,dam,41.176,41.144,46.635,5.458999999999996
sm59199,NC3263,dam,41.176,41.144,46.635,5.458999999999996
sm59206,sm54718,small_barrier,11.657,11.657,11.657,0.0
sm59231,NC28104,dam,12.963,12.963,37.252,24.289
sm642639,NC3046,dam,432.799,432.799,505.049,72.25
sm642640,NC3046,dam,432.799,432.799,505.049,72.25
sm646036,NC22620,dam,51.435,49.705,59.312,7.876999999999995
sm646085,NC6204,dam,1.825,0.883,3.328,1.503
sm646132,sm646093,small_barrier,0.899,0.899,0.899,0.0
sm646182,sm646177,small_barrier,1.452,1.452,1.452,0.0
sm756023,NC3038,dam,434.482,402.797,439.187,4.704999999999984
sm756029,NC3038,dam,434.482,402.797,439.187,4.704999999999984
sm756030,NC3038,dam,434.482,402.797,439.187,4.704999999999984
sm757231,NC3216,dam,256.129,256.129,258.809,2.680000000000007
sm8025191,sm8025192,small_barrier,1.663,1.663,1.663,0.0
sm8025439,NC2833,dam,261.145,260.798,261.423,0.27800000000002
sm8027254,sm165183,small_barrier,0.231,0.231,0.231,0.0
sm8031412,sm2660,small_barrier,6.088,6.088,6.088,0.0
sm8031413,sm1412,small_barrier,0.04,0.04,0.04,0.0
sm8037681,NC607,dam,9.352,4.167,48.92,39.568
sm8796202,NC1497,dam,204.67,196.419,233.559,28.88900000000001
sm8796203,NC466,dam,0.329,0.007,4.273,3.9439999999999995
sm8796204,NC1641,dam,127.181,116.315,165.556,38.375000000000014
sm8796205,NC1641,dam,127.181,116.315,165.556,38.375000000000014
sm8796206,NC17607,dam,2.008,1.603,2.229,0.22100000000000009
sm8796207,NC607,dam,9.352,4.167,48.92,39.568
sm8796208,NC547,dam,3060.582,2907.279,3062.766,2.1840000000001965
sm8796209,sm8796208,small_barrier,1.002,0.942,1.002,0.0
sm8796210,NC550,dam,266.617,235.674,266.888,0.27099999999995816
sm8796211,NC550,dam,266.617,235.674,266.888,0.27099999999995816
sm8796213,NC278,dam,736.485,708.531,752.388,15.90300000000002
sm8796214,NC278,dam,736.485,708.531,752.388,15.90300000000002
sm8796215,NC3331,dam,1377.243,1270.053,1984.4141,607.1711
sm8796216,NC3023,dam,1837.689,1712.55,1932.514,94.82499999999982
sm8796217,NC3023,dam,1837.689,1712.55,1932.514,94.82499999999982
sm8796218,NC3023,dam,1837.689,1712.55,1932.514,94.82499999999982
sm8796219,sm8796222,small_barrier,6.792,5.394,6.792,0.0
sm8796220,NC3023,dam,1837.689,1712.55,1932.514,94.82499999999982
sm8796221,NC3023,dam,1837.689,1712.55,1932.514,94.82499999999982
sm8796222,NC3023,dam,1837.689,1712.55,1932.514,94.82499999999982
sm8796223,NC3023,dam,1837.689,1712.55,1932.514,94.82499999999982
sm8796291,NC1048,dam,1035.892,1035.892,1047.489,11.59699999999998
sm8796303,NC1048,dam,1035.892,1035.892,1047.489,11.59699999999998
sm8796305,NC1048,dam,1035.892,1035.892,1047.489,11.59699999999998
sm8796309,NC1048,dam,1035.892,1035.892,1047.489,11.59699999999998
sm8796315,NC1129,dam,81.447,80.936,95.391,13.944000000000003
sm8796316,NC1129,dam,81.447,80.936,95.391,13.944000000000003
sm8796327,NC2413,dam,389.059,389.059,399.386,10.326999999999998
sm8796328,NC718,dam,238.815,222.094,240.119,1.304000000000002
sm8796330,sm8796331,small_barrier,2.341,2.341,2.341,0.0
sm8796331,NC270,dam,96.35,96.32,103.525,7.175000000000011
sm8796334,NC270,dam,96.35,96.32,103.525,7.175000000000011
sm8796340,NC275,dam,13.448,13.448,14.178,0.7300000000000004
sm8796345,NC809,dam,70.705,68.369,72.152,1.4470000000000027
sm8796350,NC809,dam,70.705,68.369,72.152,1.4470000000000027
sm8796360,NC2416,dam,201.01,201.01,207.647,6.6370000000000005
sm8796361,NC2416,dam,201.01,201.01,207.647,6.6370000000000005
sm8796363,NC2416,dam,201.01,201.01,207.647,6.6370000000000005
sm8796382,NC2405,dam,312.179,312.179,317.234,5.055000000000007
sm8796390,sm8796391,small_barrier,1.781,1.781,1.781,0.0
sm8796391,NC1146,dam,668.114,550.95,671.438,3.3239999999999554
sm8796396,NC738,dam,140.765,131.803,148.633,7.868000000000023
sm8796398,NC738,dam,140.765,131.803,148.633,7.868000000000023
sm8796405,NC738,dam,140.765,131.803,148.633,7.868000000000023
sm8796406,sm8796407,small_barrier,0.162,0.162,0.162,0.0
sm8796407,NC738,dam,140.765,131.803,148.633,7.868000000000023
sm8796409,NC738,dam,140.765,131.803,148.633,7.868000000000023
sm8796416,NC738,dam,140.765,131.803,148.633,7.868000000000023
sm8796419,NC738,dam,140.765,131.803,148.633,7.868000000000023
sm8796422,NC257,dam,234.405,234.405,262.194,27.789000000000016
sm8796423,NC257,dam,234.405,234.405,262.194,27.789000000000016
sm8796424,NC257,dam,234.405,234.405,262.194,27.789000000000016
sm8796427,NC257,dam,234.405,234.405,262.194,27.789000000000016
sm8796429,NC257,dam,234.405,234.405,262.194,27.789000000000016
sm8796430,sm8796429,small_barrier,3.552,3.552,3.552,0.0
sm8796431,NC257,dam,234.405,234.405,262.194,27.789000000000016
sm8796432,NC1146,dam,668.114,550.95,671.438,3.3239999999999554
sm8796447,NC1497,dam,204.67,196.419,233.559,28.88900000000001
sm8796448,NC1497,dam,204.67,196.419,233.559,28.88900000000001
sm8796450,NC1497,dam,204.67,196.419,233.559,28.88900000000001
sm8796454,NC237,dam,118.923,118.905,155.393,36.47
sm8796458,NC237,dam,118.923,118.905,155.393,36.47
sm8796459,sm8796460,small_barrier,0.22,0.22,0.22,0.0
sm8796460,NC237,dam,118.923,118.905,155.393,36.47
sm8796468,NC1497,dam,204.67,196.419,233.559,28.88900000000001
sm8796473,NC237,dam,118.923,118.905,155.393,36.47
sm8796474,NC237,dam,118.923,118.905,155.393,36.47
sm8796475,NC237,dam,118.923,118.905,155.393,36.47
sm8796477,NC237,dam,118.923,118.905,155.393,36.47
sm8796480,sm8796477,small_barrier,2.599,2.599,2.599,0.0
sm8796489,NC237,dam,118.923,118.905,155.393,36.47
sm8796491,NC237,dam,118.923,118.905,155.393,36.47
sm8796515,NC1497,dam,204.67,196.419,233.559,28.88900000000001
sm8796517,NC1497,dam,204.67,196.419,233.559,28.88900000000001
sm8796569,NC257,dam,234.405,234.405,262.194,27.789000000000016
sm8796578,sm8796580,small_barrier,9.25,9.25,9.25,0.0
sm8796579,sm8796580,small_barrier,9.25,9.25,9.25,0.0
sm8796580,NC257,dam,234.405,234.405,262.194,27.789000000000016
sm8796582,NC257,dam,234.405,234.405,262.194,27.789000000000016
sm8796584,NC257,dam,234.405,234.405,262.194,27.789000000000016
sm8796586,NC257,dam,234.405,234.405,262.194,27.789000000000016
sm8796587,NC1497,dam,204.67,196.419,233.559,28.88900000000001
sm8796591,sm8796592,small_barrier,1.379,1.379,1.379,0.0
sm8796592,NC237,dam,118.923,118.905,155.393,36.47
sm8796596,NC237,dam,118.923,118.905,155.393,36.47
sm8796597,NC221,dam,15.051,14.788,20.164,5.113000000000001
sm8796598,sm8796597,small_barrier,1.84,1.84,1.84,0.0
sm8796761,NC749,dam,36.566,34.925,41.783,5.216999999999999
sm8796781,sm8796872,small_barrier,1.038,1.038,1.038,0.0
sm8796796,sm8796800,small_barrier,9.64,9.64,9.64,0.0
sm8796797,sm8796798,small_barrier,0.746,0.746,0.746,0.0
sm8796798,NC221,dam,15.051,14.788,20.164,5.113000000000001
sm8796800,NC237,dam,118.923,118.905,155.393,36.47
sm8796816,NC20555,dam,1.349,1.23,1.792,0.44300000000000006
sm8796818,NC237,dam,118.923,118.905,155.393,36.47
sm8796844,sm8796597,small_barrier,1.84,1.84,1.84,0.0
sm8796866,NC237,dam,118.923,118.905,155.393,36.47
sm8796868,NC740,dam,1.278,0.969,4.778,3.4999999999999996
sm8796869,NC740,dam,1.278,0.969,4.778,3.4999999999999996
sm8796871,NC1813,dam,36.993,36.993,43.203,6.210000000000001
sm8796872,sm8796873,small_barrier,0.165,0.165,0.165,0.0
sm8796873,NC61415,dam,3.154,3.154,6.249,3.0949999999999998
sm8796879,NC237,dam,118.923,118.905,155.393,36.47
sm8796881,NC25181,dam,0.553,0.397,2.132,1.5790000000000002
sm8796882,NC237,dam,118.923,118.905,155.393,36.47
sm8796884,NC749,dam,36.566,34.925,41.783,5.216999999999999
sm8797253,NC2114,dam,591.418,591.418,601.507,10.088999999999942
sm8797265,NC2405,dam,312.179,312.179,317.234,5.055000000000007
sm8797277,NC1048,dam,1035.892,1035.892,1047.489,11.59699999999998
sm8797288,NC2405,dam,312.179,312.179,317.234,5.055000000000007
sm8797294,sm8797288,small_barrier,1.117,1.117,1.117,0.0
sm8797316,NC2405,dam,312.179,312.179,317.234,5.055000000000007
sm8797388,NC2413,dam,389.059,389.059,399.386,10.326999999999998
sm8797392,NC2413,dam,389.059,389.059,399.386,10.326999999999998
sm8797395,NC2413,dam,389.059,389.059,399.386,10.326999999999998
sm8798160,NC22873,dam,0.316,0.245,0.751,0.435
sm8798164,NC265,dam,240.596,240.596,254.314,13.71799999999999
sm8798169,sm8798170,small_barrier,5.381,5.381,5.381,0.0
sm8798170,NC2114,dam,591.418,591.418,601.507,10.088999999999942
sm8798318,NC237,dam,118.923,118.905,155.393,36.47
sm8798331,NC749,dam,36.566,34.925,41.783,5.216999999999999
sm8798334,NC26528,dam,10.328,9.726,12.805,2.4770000000000003
sm8798335,NC26528,dam,10.328,9.726,12.805,2.4770000000000003
sm8798336,NC749,dam,36.566,34.925,41.783,5.216999999999999
sm8854838,sm8854843,small_barrier,1.091,1.091,1.091,0.0
sm8854839,sm8854841,small_barrier,0.492,0.492,0.492,0.0
sm8854840,NC893,dam,269.553,265.436,273.367,3.8140000000000214
sm8854841,NC893,dam,269.553,265.436,273.367,3.8140000000000214
sm8854843,NC2128,dam,0.446,0.327,1.989,1.5430000000000001
