huc8,subbasin,n_culverts,budget_m,method,miles,inventory_gain,spent,n_selected,stranded_share
3020101,Upper Tar,24,1,optimal,26.178,26.178,1000000,3,0.0
3020101,Upper Tar,24,1,rank_gain,26.178,26.178,1000000,3,0.0
3020101,Upper Tar,24,1,rank_ratio,26.178,26.178,1000000,3,0.0
3020101,Upper Tar,24,2,optimal,44.034,44.034,2000000,6,0.0
3020101,Upper Tar,24,2,rank_gain,44.034,44.034,2000000,6,0.0
3020101,Upper Tar,24,2,rank_ratio,44.034,44.034,2000000,6,0.0
3020101,Upper Tar,24,5,optimal,74.232,74.232,5000000,18,0.0
3020101,Upper Tar,24,5,rank_gain,73.308,73.308,4875000,17,0.0
3020101,Upper Tar,24,5,rank_ratio,74.232,74.232,5000000,18,0.0
3020101,Upper Tar,24,10,optimal,79.303,79.303,6200000,24,0.0
3020101,Upper Tar,24,10,rank_gain,79.303,79.303,6200000,24,0.0
3020101,Upper Tar,24,10,rank_ratio,79.303,79.303,6200000,24,0.0
3020201,Upper Neuse,86,1,optimal,28.001,28.001,1000000,3,0.0
3020201,Upper Neuse,86,1,rank_gain,28.001,28.001,1000000,3,0.0
3020201,Upper Neuse,86,1,rank_ratio,26.989,28.114,1000000,3,0.125
3020201,Upper Neuse,86,2,optimal,47.988,47.988,1975000,6,0.0
3020201,Upper Neuse,86,2,rank_gain,46.831,47.956,2000000,6,0.0625
3020201,Upper Neuse,86,2,rank_ratio,47.988,47.988,1975000,6,0.0
3020201,Upper Neuse,86,5,optimal,80.733,80.733,4975000,18,0.0
3020201,Upper Neuse,86,5,rank_gain,79.727,79.727,4950000,17,0.0
3020201,Upper Neuse,86,5,rank_ratio,80.733,80.733,4975000,18,0.0
3020201,Upper Neuse,86,10,optimal,113.459,113.459,10000000,42,0.0
3020201,Upper Neuse,86,10,rank_gain,110.839,110.839,9975000,38,0.0
3020201,Upper Neuse,86,10,rank_ratio,113.128,113.128,9925000,42,0.0
3030006,Black,34,1,optimal,14.533,14.533,975000,2,0.0
3030006,Black,34,1,rank_gain,14.533,14.533,975000,2,0.0
3030006,Black,34,1,rank_ratio,14.533,14.533,975000,2,0.0
3030006,Black,34,2,optimal,22.71,22.71,1950000,7,0.0
3030006,Black,34,2,rank_gain,22.612,22.612,1925000,6,0.0
3030006,Black,34,2,rank_ratio,22.609,22.609,1925000,7,0.0
3030006,Black,34,5,optimal,33.607,33.607,4925000,22,0.0
3030006,Black,34,5,rank_gain,33.546,33.546,5000000,21,0.0
3030006,Black,34,5,rank_ratio,33.607,33.607,4925000,22,0.0
3030006,Black,34,10,optimal,36.427,36.427,8750000,34,0.0
3030006,Black,34,10,rank_gain,36.427,36.427,8750000,34,0.0
3030006,Black,34,10,rank_ratio,36.427,36.427,8750000,34,0.0
3050101,Upper Catawba,48,1,optimal,614.381,614.381,950000,3,0.0
3050101,Upper Catawba,48,1,rank_gain,614.381,614.381,950000,3,0.0
3050101,Upper Catawba,48,1,rank_ratio,614.381,614.381,950000,3,0.0
3050101,Upper Catawba,48,2,optimal,636.11,636.11,2000000,10,0.0
3050101,Upper Catawba,48,2,rank_gain,635.331,635.331,2000000,9,0.0
3050101,Upper Catawba,48,2,rank_ratio,635.637,635.637,2000000,10,0.0
3050101,Upper Catawba,48,5,optimal,662.244,662.244,5000000,33,0.0
3050101,Upper Catawba,48,5,rank_gain,661.932,661.932,4950000,32,0.0
3050101,Upper Catawba,48,5,rank_ratio,662.244,662.244,5000000,33,0.0
3050101,Upper Catawba,48,10,optimal,665.697,665.737,6700000,47,0.0
3050101,Upper Catawba,48,10,rank_gain,665.697,665.737,6800000,48,0.0
3050101,Upper Catawba,48,10,rank_ratio,665.697,665.737,6800000,48,0.0
3060101,Seneca,22,1,optimal,4.769,4.769,1000000,5,0.0
3060101,Seneca,22,1,rank_gain,4.766,4.766,975000,5,0.0
3060101,Seneca,22,1,rank_ratio,4.735,4.735,950000,5,0.0
3060101,Seneca,22,2,optimal,7.006,7.006,2000000,11,0.0
3060101,Seneca,22,2,rank_gain,6.613,7.086,1975000,10,0.1139
3060101,Seneca,22,2,rank_ratio,6.57,7.043,2000000,11,0.1125
3060101,Seneca,22,5,optimal,9.422,9.422,4600000,22,0.0
3060101,Seneca,22,5,rank_gain,9.422,9.422,4600000,22,0.0
3060101,Seneca,22,5,rank_ratio,9.422,9.422,4600000,22,0.0
3060101,Seneca,22,10,optimal,9.422,9.422,4600000,22,0.0
3060101,Seneca,22,10,rank_gain,9.422,9.422,4600000,22,0.0
3060101,Seneca,22,10,rank_ratio,9.422,9.422,4600000,22,0.0
6010105,Upper French Broad,215,1,optimal,24.98,24.98,1000000,5,0.0
6010105,Upper French Broad,215,1,rank_gain,24.437,24.437,1000000,3,0.0
6010105,Upper French Broad,215,1,rank_ratio,24.98,24.98,1000000,5,0.0
6010105,Upper French Broad,215,2,optimal,46.564,46.564,2000000,8,0.0
6010105,Upper French Broad,215,2,rank_gain,39.558,39.558,2000000,6,0.0
6010105,Upper French Broad,215,2,rank_ratio,43.41,46.359,1975000,9,0.0759
6010105,Upper French Broad,215,5,optimal,95.85,95.85,5000000,23,0.0
6010105,Upper French Broad,215,5,rank_gain,90.528,93.477,5000000,21,0.03
6010105,Upper French Broad,215,5,rank_ratio,92.319,96.983,5000000,24,0.055
6010105,Upper French Broad,215,10,optimal,143.608,143.608,10000000,53,0.0
6010105,Upper French Broad,215,10,rank_gain,139.857,145.565,10000000,52,0.0275
6010105,Upper French Broad,215,10,rank_ratio,139.976,146.246,10000000,54,0.04
6010106,Pigeon,34,1,optimal,12.6,12.6,1000000,4,0.0
6010106,Pigeon,34,1,rank_gain,7.204,7.204,900000,4,0.0
6010106,Pigeon,34,1,rank_ratio,7.336,7.336,1000000,5,0.0
6010106,Pigeon,34,2,optimal,17.837,17.837,1925000,8,0.0
6010106,Pigeon,34,2,rank_gain,17.837,17.837,1925000,8,0.0
6010106,Pigeon,34,2,rank_ratio,17.837,17.837,1925000,8,0.0
6010106,Pigeon,34,5,optimal,24.681,24.681,5000000,22,0.0
6010106,Pigeon,34,5,rank_gain,24.22,24.487,5000000,21,0.05
6010106,Pigeon,34,5,rank_ratio,24.681,24.681,5000000,22,0.0
6010106,Pigeon,34,10,optimal,26.658,26.658,7675000,33,0.0
6010106,Pigeon,34,10,rank_gain,26.658,26.705,7900000,34,0.0
6010106,Pigeon,34,10,rank_ratio,26.658,26.705,7900000,34,0.0
6010108,Nolichucky,106,1,optimal,54.702,54.702,1000000,2,0.0
6010108,Nolichucky,106,1,rank_gain,54.188,54.766,975000,2,0.1538
6010108,Nolichucky,106,1,rank_ratio,54.697,54.697,950000,2,0.0
6010108,Nolichucky,106,2,optimal,105.45,105.45,1925000,3,0.0
6010108,Nolichucky,106,2,rank_gain,104.408,105.937,2000000,3,0.1625
6010108,Nolichucky,106,2,rank_ratio,104.408,105.937,2000000,3,0.1625
6010108,Nolichucky,106,5,optimal,126.71,126.71,5000000,14,0.0
6010108,Nolichucky,106,5,rank_gain,121.004,130.352,4925000,9,0.1168
6010108,Nolichucky,106,5,rank_ratio,121.004,130.352,4925000,9,0.1168
6010108,Nolichucky,106,10,optimal,131.836,131.836,10000000,30,0.0
6010108,Nolichucky,106,10,rank_gain,124.648,144.253,10000000,22,0.28
6010108,Nolichucky,106,10,rank_ratio,127.495,146.489,9975000,30,0.2256
6010202,Upper Little Tennessee,86,1,optimal,21.985,21.985,1000000,3,0.0
6010202,Upper Little Tennessee,86,1,rank_gain,19.992,20.251,975000,3,0.1282
6010202,Upper Little Tennessee,86,1,rank_ratio,21.985,21.985,1000000,3,0.0
6010202,Upper Little Tennessee,86,2,optimal,39.036,39.036,2000000,5,0.0
6010202,Upper Little Tennessee,86,2,rank_gain,39.036,39.036,2000000,5,0.0
6010202,Upper Little Tennessee,86,2,rank_ratio,39.036,39.036,2000000,5,0.0
6010202,Upper Little Tennessee,86,5,optimal,74.648,74.648,4975000,12,0.0
6010202,Upper Little Tennessee,86,5,rank_gain,68.473,68.473,4975000,11,0.0
6010202,Upper Little Tennessee,86,5,rank_ratio,66.765,68.742,4950000,13,0.0505
6010202,Upper Little Tennessee,86,10,optimal,119.44,119.44,9975000,24,0.0
6010202,Upper Little Tennessee,86,10,rank_gain,110.48,110.48,9950000,22,0.0
6010202,Upper Little Tennessee,86,10,rank_ratio,105.867,105.867,9925000,26,0.0
6010203,Tuckasegee,50,1,optimal,25.874,25.874,1000000,3,0.0
6010203,Tuckasegee,50,1,rank_gain,25.391,25.391,975000,3,0.0
6010203,Tuckasegee,50,1,rank_ratio,25.391,25.391,975000,3,0.0
6010203,Tuckasegee,50,2,optimal,46.668,46.668,1975000,6,0.0
6010203,Tuckasegee,50,2,rank_gain,46.668,46.668,1975000,6,0.0
6010203,Tuckasegee,50,2,rank_ratio,46.668,46.668,1975000,6,0.0
6010203,Tuckasegee,50,5,optimal,73.774,73.774,4975000,16,0.0
6010203,Tuckasegee,50,5,rank_gain,72.178,73.429,5000000,16,0.07
6010203,Tuckasegee,50,5,rank_ratio,73.774,73.774,4975000,16,0.0
6010203,Tuckasegee,50,10,optimal,88.879,88.879,9925000,34,0.0
6010203,Tuckasegee,50,10,rank_gain,88.352,90.163,9975000,33,0.0
6010203,Tuckasegee,50,10,rank_ratio,82.929,86.798,9925000,34,0.0579
